Workbook
Name a_bump: 'Parameters and Rates'!$K$28
Name a_x_accel: 'Parameters and Rates'!$M$24
Name a_x_accelCorner: 'Parameters and Rates'!$M$26
Name a_x_brake: 'Parameters and Rates'!$M$25
Name a_x_brakeCorner: 'Parameters and Rates'!$M$27
Name a_x_corner: 'Parameters and Rates'!$M$23
Name a_y: 'Parameters and Rates'!$K$23
Name a_y_accel: 'Parameters and Rates'!$K$24
Name a_y_accelCorner: 'Parameters and Rates'!$K$26
Name a_y_brake: 'Parameters and Rates'!$K$25
Name a_y_brakeCorner: 'Parameters and Rates'!$K$27
Name cg_in: 'Parameters and Rates'!$D$8
Name cg_m: 'Parameters and Rates'!$F$8
Name cornerWeight_lbf: 'Parameters and Rates'!$D$15
Name cornerWeight_N: 'Parameters and Rates'!$F$15
Name criticalSpeed: 'Parameters and Rates'!$K$19
Name f_cornering_lbf: 'Parameters and Rates'!$D$22
Name f_cornering_N: 'Parameters and Rates'!$F$22
Name FARB_disp_soft: 'Roll Rates'!$N$16
Name FARB_disp_stiff: 'Roll Rates'!$N$15
Name FARB_rate_max: 'Roll Rates'!$N$8
Name FARB_rate_min: 'Roll Rates'!$N$7
Name LLTD: 'Parameters and Rates'!$D$21
Name MR_ARB_front: 'Parameters and Rates'!$D$19
Name MR_ARB_rear: 'Parameters and Rates'!$D$20
Name MR_front: 'Parameters and Rates'!$D$17
Name MR_rear: 'Parameters and Rates'!$D$18
Name pitchGrad_accel: 'Parameters and Rates'!$K$16
Name pitchGrad_brake: 'Parameters and Rates'!$K$17
Name pitchGrad_min: 'Parameters and Rates'!$K$16
Name RARB_disp_soft: 'Roll Rates'!$P$16
Name RARB_disp_stiff: 'Roll Rates'!$P$15
Name RARB_rate_max: 'Roll Rates'!$P$8
Name RARB_rate_min: 'Roll Rates'!$P$7
Name rc_front_in: 'Parameters and Rates'!$D$9
Name rc_front_m: 'Parameters and Rates'!$F$9
Name rc_rear_in: 'Parameters and Rates'!$D$10
Name rc_rear_m: 'Parameters and Rates'!$F$10
Name rideFreq_front: 'Parameters and Rates'!$K$3
Name rideFreq_rear: 'Parameters and Rates'!$K$4
Name rideHeight_in: 'Parameters and Rates'!$D$6
Name rideHeight_m: 'Parameters and Rates'!$F$6
Name rollGrad_max: 'Parameters and Rates'!$K$15
Name rollGrad_min: 'Parameters and Rates'!$K$14
Name springRate_front_imp: 'Parameters and Rates'!$K$7
Name springRate_front_SI: 'Parameters and Rates'!$M$7
Name springRate_rear_imp: 'Parameters and Rates'!$K$8
Name springRate_rear_SI: 'Parameters and Rates'!$M$8
Name tireRate_imp: 'Parameters and Rates'!$K$11
Name tireRate_SI: 'Parameters and Rates'!$M$11
Name totalSprungWeight_lbf: 'Parameters and Rates'!$D$14
Name totalSprungWeight_N: 'Parameters and Rates'!$F$14
Name totalWeight_lbf: 'Parameters and Rates'!$D$13
Name totalWeight_N: 'Parameters and Rates'!$F$13
Name trackwidth_front_in: 'Parameters and Rates'!$D$4
Name trackwidth_front_m: 'Parameters and Rates'!$F$4
Name trackwidth_rear_in: 'Parameters and Rates'!$D$5
Name trackwidth_rear_m: 'Parameters and Rates'!$F$5
Name understeerGrad: 'Parameters and Rates'!$K$18
Name vehicleWeight_lbf: 'Parameters and Rates'!$D$11

Sheet (HOME)
D4: SU26 PARAMETERS & ANALYSIS | L4: ARG26 SUSPENSION
D6: DESCRIPTION
D7: The Suspension Parameters and Analysis Spreadsheet serves as the central reference for all suspension system parameters and acts as the primary location for system design decisions (excluding kinematics). It contains comprehensive information on suspension parameters, rates, stiffnesses, loads, and other key characteristics that define the suspension system’s behavior. Many of the values contained within this document are relevant not only to suspension part designers but also to members of other subteams whose components interface with the suspension. For all practical purposes, the Suspension Parameters and Analysis Spreadsheet functions as the “source of truth” for all suspension parameters and load cases.
D8: Sujan Munver (srm326) – ARG26 Suspension Lead
D10: SHEETS | E10: DESCRIPTION
D11: Parameters and Rates | E11: • Vehicle sizing parameters • Mass, CG, and LLTD • Rates (Wheel, Spring, Tire) • Gradients (Roll, Pitch, Understeer) • Acceleration cases
D12: Link Loads | E12: • Compressive and tensile link loads for A-Arms • Steering and Toe Link loads incorporating motor inertia • Shock and Push Link loads • Min and max ARB Drop Link Loads
D13: Kinematics | E13: • Primary suspension kinematic parameters • Summary of key kinematic parameters from OptimumK
D14: Roll Rates | E14: • Roll stiffnesses from springs and tires • Anti-Roll Bar stiffnesses (and LLTD)
D15: ARB Design | E15: • Sizing of Torsion Bars and Blades • Calculate displacements and loads at ARB Blade tip
D16: Load Transfer | E16: • Lateral and longitudinal load transfer • Vertical load on tires (with and without aero) • Max cornering load case
D17: RF, K, k, MR | E17: • Ride Frequency, Wheel Rate, Spring Rate, Motion Ratio • Yields the Spring Rates needed to achieve the Ride Frequencies by allowing Motion Ratio tuning
D18: Pitch | E18: • Calculation of Pitch Gradient (Multiple Methods)
D19: Aero Clearance | E19: • Calculates max permissable Roll Gradient • Calculates aero clearance in Roll and Brake
D20: Weight | E20: • Weight analysis and breakdown of each subsystem
D21: Understeer | E21: • Calculates Understeer Gradient and Critical Speed
... D23: Z - Damping | E23: • Calcualte damper settings (In-Progress)
B28: Rev. 2026-06-21

Sheet Parameters and Rates
B2: PARAMETERS | I2: RATES
B3: Dimensions | C3: Wheelbase | D3: 61 | E3: in | F3: =CONVERT(D3,E3,G3) -> 1.5494 | G3: m | I3: Frequency | J3: Front Ride Frequency | K3: =(1/(2*PI()))*SQRT(wheelRate_front_SI/((totalSprungWeight_N/9.81)/4)) -> 2.984845 | L3: Hz | O3: Note: Does not consider Aero
C4: Front Track Width | D4: 44 | E4: in | F4: =CONVERT(D4,E4,G4) -> 1.1176 | G4: m | J4: Rear Ride Frequency | K4: =(1/(2*PI()))*SQRT(wheelRate_rear_SI/((totalSprungWeight_N/9.81)/4)) -> 3.3059672 | L4: Hz
C5: Rear Track Width | D5: 44 | E5: in | F5: =CONVERT(D5,E5,G5) -> 1.1176 | G5: m | I5: Rates | J5: Front Wheel Rate (Designed) | K5: =wheelRate_front_SI*0.0057101471 -> 102.45202 | L5: lbf/in | M5: =springRate_front_SI/(MR_front^2) -> 17942.098 | N5: N/m | O5: Note: Calculated in and referenced from `RF, K, k, MR` Sheet
C6: Ride Height | D6: 1.5 | E6: in | F6: =CONVERT(D6,E6,G6) -> 0.0381 | G6: m | J6: Rear Wheel Rate (Designed) | K6: =wheelRate_rear_SI*0.0057101471 -> 125.68228 | L6: lbf/in | M6: =springRate_rear_SI/(MR_rear^2) -> 22010.339 | N6: N/m
B7: Mass + CG | C7: Weight Distribution (% Front) | D7: 0.5 | E7: - | F7: - | G7: - | J7: Front Spring Rate (Designed) | K7: 150 | L7: lbf/in | M7: =springRate_front_imp/0.0057101471 -> 26269.026 | N7: N/m
C8: CG Height (Vehicle + Driver) | D8: 9.875 | E8: in | F8: =CONVERT(D8,E8,G8) -> 0.250825 | G8: m | J8: Rear Spring Rate (Designed) | K8: 175 | L8: lbf/in | M8: =springRate_rear_imp/0.0057101471 -> 30647.196 | N8: N/m
C9: Front Roll Center (RC) Height | D9: 2.896 | E9: in | F9: =CONVERT(D9,E9,G9) -> 0.0735584 | G9: m | J9: Front Spring Rate (On-Car) | K9: 150 | L9: lbf/in | M9: =K9/0.0057101471 -> 26269.026 | N9: N/m | O9: Note: Edit these cells when changing springs
C10: Rear Roll Center (RC) Height | D10: 3.786 | E10: in | F10: =CONVERT(D10,E10,G10) -> 0.0961644 | G10: m | J10: Rear Spring Rate (On-Car) | K10: 175 | L10: lbf/in | M10: =K10/0.0057101471 -> 30647.196 | N10: N/m
C11: Vehicle Weight | D11: 420 | E11: lbf | F11: =CONVERT(D11,E11,G11) -> 1868.2531 | G11: N | J11: Tire Rate | K11: 743 | L11: lbf/in | M11: =K11*175.12683699 -> 130119.24 | N11: N/m | O11: Note: From Hoosier
C12: Driver Weight | D12: 150 | E12: lbf | F12: =CONVERT(D12,E12,G12) -> 667.23324 | G12: N
C13: Total Weight (w/ Driver) | D13: =D11+D12 -> 570 | E13: lbf | F13: =CONVERT(D13,E13,G13) -> 2535.4863 | G13: N | I13: GRADIENTS (ROLL, PITCH, UNDERSTEER)
C14: Total Sprung Weight (w/ Driver) | D14: =D13-(2*D15)-(2*D16) -> 450 | E14: lbf | F14: =CONVERT(D14,E14,G14) -> 2001.6997 | G14: N | I14: Roll | J14: Roll Gradient (Lower Bound) | K14: ='Roll Rates'!H20 -> 0.55 | L14: deg/g | M14: Note: Based on LLTD Bounds
C15: Unsprung Corner Weight (Front) | D15: 30 | E15: lbf | F15: =CONVERT(D15,E15,G15) -> 133.44665 | G15: N | J15: Roll Gradient (Upper Bound) | K15: ='Roll Rates'!J20 -> 0.7 | L15: deg/g
C16: Unsprung Corner Weight (Rear) | D16: 30 | E16: lbf | F16: =CONVERT(D16,E16,G16) -> 133.44665 | G16: N | I16: Pitch | J16: Pitch Gradient (Accel) | K16: =-Pitch!E21 -> 0.55601836 | L16: deg/g | M16: Note: Pitch Gradient Varies in Accel / Brake
B17: Motion Ratios | C17: Front Rocker Motion Ratio | D17: 1.21 | E17: - | F17: ∆Wheel / ∆Shock (in / in) | J17: Pitch Gradient (Braking) | K17: =-Pitch!C21 -> 0.5226118 | L17: deg/g
C18: Rear Rocker Motion Ratio | D18: 1.18 | E18: - | I18: Understeer | J18: Understeer Gradient | K18: =Understeer!C14 -> 0.36720103 | L18: deg/g | M18: Note: Max-min W, Max-min C
C19: Front ARB Motion Ratio | D19: 0.114 | E19: - | F19: ∆CH_Roll / ∆ARB_Twist (deg / deg) | J19: Critical Speed | K19: =Understeer!C17 -> 10.611846 | L19: m/s | M19: Note: Inaccurate Hand Calc from Bicycle Model
C20: Rear ARB Motion Ratio | D20: 0.157 | E20: -
B21: Lateral Load Transfer | C21: Lateral Load Transfer Distribution | D21: ='Roll Rates'!E24 -> 48 | E21: % | F21: Front / Total | I21: ACCELERATION CASES
C22: Max Cornering Load | D22: ='Load Transfer'!C31 -> 362.10085 | E22: lbf | F22: =CONVERT(D22,E22,G22) -> 1610.7048 | G22: N | I22: Acceleration Case | K22: Lateral | M22: Longitudinal | O22: (+) Lateral = LH Turn (+) Longitudinal = Acceleration
B23: Kinematics | C23: Caster (Front) | D23: =Kinematics!C13 -> 4.45 | E23: deg | I23: Cornering | K23: 2.3 | L23: g | M23: 0 | N23: g
C24: Caster (Rear) | D24: =Kinematics!E13 -> 4.96 | E24: deg | I24: Acceleration | K24: 0 | L24: g | M24: 1.5 | N24: g
C25: Ackermann | D25: =Kinematics!C28 -> 12 | E25: % | I25: Braking | K25: 0 | L25: g | M25: -1.9 | N25: g
C26: Anti-Dive | D26: =Kinematics!C47 -> 25 | E26: % | I26: Acceleration + Cornering | K26: 1.24 | L26: g | M26: 1.24 | N26: g
C27: Anti-Squat | D27: =Kinematics!C48 -> 15 | E27: % | I27: Braking + Cornering | K27: 1.47 | L27: g | M27: -1.47 | N27: g
C28: Steering Torque | D28: =Kinematics!E25 -> 5.1926646 | E28: Nm | I28: Bump (only in Z) | K28: 3.5 | L28: g | M28: - | N28: -
C29: Mechanical Trail (Front) | D29: =Kinematics!C21 -> 0.099 | E29: in
C30: Camber Gain in Corner (Front) | D30: =Kinematics!C34 -> 0 | E30: deg
C31: Camber Gain in Corner (Rear) | D31: =Kinematics!E34 -> 0 | E31: deg
C32: Camber Gain in Brake (Front) | D32: =Kinematics!C33 -> 0 | E32: deg
C33: Camber Gain in Brake (Rear) | D33: =Kinematics!E33 -> 0 | E33: deg
C34: Bump Steer in Heave (Front) | D34: =Kinematics!C38 -> 0 | E34: deg
C35: Bump Steer in Heave (Rear) | D35: =Kinematics!E38 -> 0 | E35: deg

Sheet Link Loads
B2: LINK LOADS
C3: FUF | D3: FUR | E3: FLF | F3: FLR | G3: STL | H3: FPL | I3: F_SHK | J3: FARB_DL | K3: RUF | L3: RUR | M3: RLF | N3: RLR | O3: TL | P3: RPL | Q3: R_SHK | R3: RARB_DL | S3: Notes
B4: Cornering | C4: 297.377 | D4: 245.325 | E4: 1183 | F4: 57.189 | G4: 161.27 | H4: 263.768 | I4: 224.047 | J4: 60.654 | K4: 63.868 | L4: 413.186 | M4: 67.047 | N4: 605.571 | O4: 429.417 | P4: 253.371 | Q4: 196.381 | R4: 54.664 | S4: Compressive and Tensile Loads from OptimmumK (Visualzation of Force Vectors)
B5: Acceleration | C5: 45.929 | D5: 33.78 | E5: 83.728 | F5: 175.727 | G5: 44.973 | H5: 48.322 | I5: 46.702 | J5: 0 | K5: 324.926 | L5: 93.992 | M5: 1162 | N5: 1031.1 | O5: 85.253 | P5: 448.008 | Q5: 393.164 | R5: 0
B6: Brake | C6: 366.188 | D6: 360.813 | E6: 1204.9 | F6: 1784.6 | G6: 496.885 | H6: 366.31 | I6: 355.106 | J6: 0 | K6: 10.662 | L6: 6.908 | M6: 39.702 | N6: 26.024 | O6: 0.268 | P6: 9.01 | Q6: 7.964 | R6: 0
B7: Accel / Corner | C7: 190.473 | D7: 39.602 | E7: 520.188 | F7: 502.1 | G7: 101.1 | H7: 143.178 | I7: 112.282 | J7: 51.27 | K7: 352.852 | L7: 166.019 | M7: 1090.8 | N7: 862.728 | O7: 216.006 | P7: 422.889 | Q7: 363.452 | R7: 14.861
B8: Brake / Corner | C8: 280.856 | D8: 515.753 | E8: 1197.8 | F8: 1557.5 | G8: 584.376 | H8: 319.402 | I8: 314.554 | J8: 9.78 | K8: 120.792 | L8: 191.375 | M8: 530.769 | N8: 536.47 | O8: 131.129 | P8: 104.989 | Q8: 66.817 | R8: 52.847
B9: MAX | C9: =MAX(C4:C8) -> 366.188 | D9: =MAX(D4:D8) -> 515.753 | E9: =MAX(E4:E8) -> 1204.9 | F9: =MAX(F4:F8) -> 1784.6 | G9: =MAX(G4:G8) -> 584.376 | H9: =MAX(H4:H8) -> 366.31 | I9: =MAX(I4:I8) -> 355.106 | J9: =MAX(J4:J8) -> 60.654 | ... R9: =MAX(R4:R8) -> 54.664 | S9: Compressive Loading
B10: Comments | C10: ✓ | D10: ✓ | E10: ✓ | F10: ✓ | G10: ~ | H10: ✕ | I10: ✕ | J10: ✕ | K10: ✓ | L10: ✓ | M10: ✓ | N10: ✓ | O10: ~ | P10: ✕ | Q10: ✕ | R10: ✕ | S10: Tensile Loading
B12: SU26 LINK LOADS | I12: PUSH LINK LOAD ADDITION (lbf) | M12: STEERING & TOE LINK LOAD ADDITION (lbf) | Q12: SHOCK LOADS (lbf)
B13: Front (lbf) | E13: Rear (lbf) | I13: Front Push Link (FPL) | K13: Rear Push Link (RPL) | M13: Steering Link (STL) | O13: Toe Link (TL) | Q13: Front Shock (FSHK) | S13: Rear Shock (RSHK)
B14: Link | C14: Compression | D14: Tension | E14: Link | F14: Compression | G14: Tension | I14: a_bump (g) | J14: =a_bump -> 3.5 | K14: a_bump (g) | L14: =a_bump -> 3.5 | M14: a_long,brake (g) | N14: =ABS(a_x_brake) -> 1.9 | O14: a_long,brake (g) | P14: =ABS(a_x_brake) -> 1.9 | Q14: d_FPL | R14: 2.9 | S14: d_RPL | T14: 2.63
B15: FUF | C15: =C6 -> 366.188 | D15: =C4 -> 297.377 | E15: RUF | F15: =K8 -> 120.792 | G15: =K7 -> 352.852 | I15: m_quarterCar | J15: =totalSprungWeight_N / 9.8 * 0.25 -> 51.063769 | K15: m_quarterCar | L15: =totalSprungWeight_N/ 9.8 * 0.25 -> 51.063769 | M15: d_STA,STO | N15: =2.654 * 0.0254 -> 0.0674116 | O15: d_STA,TO | P15: =2.324 * 0.0254 -> 0.0590296 | Q15: θ_FPL | R15: 95 | S15: θ_RPL | T15: 88.721
B16: FUR | C16: =D7 -> 39.602 | D16: =D8 -> 515.753 | E16: RUR | F16: =L5 -> 93.992 | G16: =L4 -> 413.186 | I16: θ_FPL | J16: 54.693 | K16: θ_RPL | L16: 49.746 | M16: d_STA,MCG | N16: =1.685 * 0.0254 -> 0.042799 | O16: d_STA,MCG | P16: =1.209 * 0.0254 -> 0.0307086 | Q16: d_FSHK | R16: 3 | S16: d_RSHK | T16: 2.993
B17: FLF | C17: =E4 -> 1183 | D17: =E6 -> 1204.9 | E17: RLF | F17: =M5 -> 1162 | G17: =M8 -> 530.769 | I17: F_FPL | J17: =(J14*J15*9.8)/(SIN(J16 * (PI()/180))) * 0.2248089439 -> 482.49716 | K17: F_RPL | L17: =(L14*L15*9.8)/(SIN(L16 * (PI()/180))) * 0.2248089439 -> 515.92836 | M17: θ_STL | N17: 91.254 | O17: θ_TL | P17: 78.419 | Q17: θ_FSHK | R17: 84.3 | S17: θ_RSHK | T17: 89.701
B18: FLR | C18: =F6 -> 1784.6 | D18: =F7 -> 502.1 | E18: RLR | F18: =N8 -> 536.47 | G18: =N5 -> 1031.1 | M18: m_corner | N18: =cornerWeight_N / 9.8 -> 13.617005 | O18: m_corner | P18: =cornerWeight_N / 9.8 -> 13.617005 | Q18: d_FDL | R18: 1.773 | S18: d_RDL | T18: 1.276
B19: STL | C19: =G7 + N20 -> 137.29744 | D19: =G8 + N20 -> 620.57344 | E19: TL | F19: =O4 + P20 -> 459.68597 | G19: =O5 + P20 -> 115.52197 | M19: F_corner | N19: =N14*9.8*N18 -> 253.54863 | O19: F_corner | P19: =P14*9.8*P18 -> 253.54863 | Q19: θ_FDL | R19: 65.242 | S19: θ_RDL | T19: 70.432
B20: FPL | C20: =H9+J17 -> 848.80716 | D20: 0 | E20: RPL | F20: =P9+L17 -> 963.93636 | G20: 0 | M20: F_STL | N20: =(N19*N16)/(N15*SIN(N17 * (PI()/180))) * 0.2248089439 -> 36.197441 | O20: F_TL | P20: =(P19*P16)/(P15*SIN(P17 * (PI()/180))) * 0.2248089439 -> 30.268974 | Q20: F_FSHK | R20: =((C20*R14*SIN(R15*(PI()/180))+(N28*R18*SIN(R19*(PI()/180))))/(R16*SIN(R17*(PI()/180)))) -> 893.95149 | S20: F_RSHK | T20: =((F20*T14*SIN(T15*(PI()/180))+(P28*T18*SIN(T19*(PI()/180))))/(T16*SIN(T17*(PI()/180)))) -> 905.19844
B21: FSHK | C21: =R20 -> 893.95149 | D21: 0 | E21: RSHK | F21: =T20 -> 905.19844 | G21: 0 | I21: DROP LINK LOADS (MIN) (lbf) | M21: DROP LINK LOADS (MAX) (lbf)
B22: FARB_DL | C22: min (soft) | D22: =J28 -> 60.93431 | E22: RARB_DL | F22: min (soft) | G22: =L28 -> 65.868836 | I22: Front Drop-Link (FDL) | K22: Rear Drop-Link (RDL) | M22: Front Drop-Link (FDL) | O22: Rear Drop-Link (RDL)
C23: max (stiff) | D23: =N28 -> 134.41974 | F23: max (stiff) | G23: =P28 -> 145.3052 | I23: k_FARB | J23: ='Roll Rates'!N7 -> 1.028706 | K23: k_RARB | L23: ='Roll Rates'!P7 -> 1.9511061 | M23: k_FARB | N23: ='Roll Rates'!N8 -> 1.7830236 | O23: k_RARB | P23: ='Roll Rates'!P8 -> 3.3817904
I24: MR_FARB | J24: =MR_ARB_front -> 0.114 | K24: MR_RARB | L24: =MR_ARB_rear -> 0.157 | M24: MR_FARB | N24: =MR_ARB_front -> 0.114 | O24: MR_RARB | P24: =MR_ARB_rear -> 0.157
I25: θ_roll,min | J25: =rollGrad_min * a_y -> 1.265 | K25: θ_roll,min | L25: =rollGrad_min * a_y -> 1.265 | M25: θ_roll,max | N25: =rollGrad_max * a_y -> 1.61 | O25: θ_roll,max | P25: =rollGrad_max * a_y -> 1.61
I26: δ_FARB | J26: =J25/J24 -> 11.096491 | K26: δ_RARB | L26: =L25/L24 -> 8.0573248 | M26: δ_FARB | N26: =N25/N24 -> 14.122807 | O26: δ_RARB | P26: =P25/P24 -> 10.254777
I27: l_FBlade | J27: =2.248/12 -> 0.18733333 | K27: l_RBlade | L27: =2.864/12 -> 0.23866667 | M27: l_FBlade | N27: =2.248/12 -> 0.18733333 | O27: l_RBlade | P27: =2.864/12 -> 0.23866667
I28: F_FDL | J28: =(J23*J26)/J27 -> 60.93431 | K28: F_RDL | L28: =(L23*L26)/L27 -> 65.868836 | M28: F_FDL | N28: =(N23*N26)/N27 -> 134.41974 | O28: F_RDL | P28: =(P23*P26)/P27 -> 145.3052

Sheet Kinematics
B2: KINEMATICS
B4: VEHICLE PARAMETERS | H4: OPTIMUM KINEMATICS OUTPUTS (FRONT) | L4: OPTIMUM KINEMATICS OUTPUTS (REAR)
B5: Wheelbase | C5: =wheelbase_in -> 61 | D5: in | E5: Rule: 60.039in MIN | H5: Name | I5: Value | J5: Units | L5: Name | M5: Value | N5: Units
B6: Front Track Width | C6: =trackwidth_front_in -> 44 | D6: in | E6: Rule: 75% of TW_MAX
B7: Rear Track Width | C7: =trackwidth_rear_in -> 44 | D7: in | E7: Rule: 75% of TW_MAX
B8: Ride Height | C8: =rideHeight_in -> 1.5 | D8: in | E8: Rule: Scraping
B9: CG Height | C9: =cg_in -> 9.875 | D9: in | E9: Note: ARG25 Measured
B11: OUTBOARD POINTS
C12: Front | E12: Rear
B13: Caster | C13: 4.45 | D13: deg | E13: 4.96 | F13: deg
B14: KPIA | C14: 13.95 | D14: deg | E14: 20.97 | F14: deg
B15: Mechanical Trail | C15: 0.25 | D15: in | E15: 0.99 | F15: in
B16: Scrub Radius | C16: 0.43 | D16: in | E16: 0.04 | F16: in
B17: Steering Arm Length | C17: 2.21 | D17: in | E17: - | F17: -
B19: STEERING
C20: Imperial | E20: Metric
B21: Mechanical Trail | C21: 0.099 | D21: in | E21: =CONVERT(C21,D21,F21) -> 0.0025146 | F21: m
B22: Cornering Load | C22: ='Load Transfer'!C31 -> 362.10085 | D22: lbf | E22: =CONVERT(C22,D22,F22) -> 1610.7048 | F22: N
B23: Steering Rack Trail | C23: 4 | D23: in | E23: =CONVERT(C23,D23,F23) -> 0.1016 | F23: m
B24: Steering Arm Length | C24: 3.12 | D24: in | E24: =CONVERT(C24,D24,F24) -> 0.079248 | F24: m
B25: Torque from Mechanical Trail | C25: =(C21*(C22)*C23)/C24 -> 45.958954 | D25: in-lbf | E25: =(E21*(E22)*E23)/E24 -> 5.1926646 | F25: Nm
B27: ACKERMANN
B28: Ackermann | C28: 12 | D28: % | E28: Note:
B30: CAMBER GAIN AND INSTANT CENTERS
C31: Front | E31: Rear
B32: VSAL | D32: in | F32: in
B33: Camber Gain in Heave | D33: deg/in | F33: deg/in
B34: Camber Gain in Roll | D34: deg/deg Roll | F34: deg/deg Roll
B36: BUMP STEER
C37: Front | E37: Rear
B38: Bump Steer in Heave | D38: deg/in | F38: deg/in
B39: Bump Steer in Rebound | D39: deg/in | F39: deg/in
B40: Bump Steer in Roll | D40: deg/deg Roll | F40: deg/deg Roll
B42: ROLL CENTERS
C43: Front | E43: Rear
B44: Roll Center Height (Ground) | C44: ='Parameters and Rates'!D9 -> 2.896 | D44: in | E44: ='Parameters and Rates'!D10 -> 3.786 | F44: in
B46: ANTI-GEOMETRY
B47: Anti-Dive | C47: 25 | D47: % | E47: Note:
B48: Anti-Squat | C48: 15 | D48: % | E48: Note:

Sheet Roll Rates
B2: ROLL STIFFNESS FROM SPRINGS, TIRES, ARB | M2: SU26 ARB STIFFNESS
B3: Springs Anti-Roll Torque | C3: Anti-Roll Torque from Front Springs | D3: =F3*0.7375621493 -> 144.25674 | E3: ft-lbs/deg | F3: =(trackwidth_front_m^2 * TAN(PI()/180) * wheelRate_front_SI)/2 -> 195.58587 | G3: Nm/deg | H3: Note: aka Front Roll Rate due to Springs | M3: Front ARB Rate (ft-lbs/deg roll) | O3: Rear ARB Rate (ft-lbs/deg roll)
C4: Anti-Roll Torque from Rear Springs | D4: =F4*0.7375621493 -> 176.96591 | E4: ft-lbs/deg | F4: =(trackwidth_rear_m^2 * TAN(PI()/180) * wheelRate_rear_SI)/2 -> 239.93356 | G4: Nm/deg | H4: Note: aka Rear Roll Rate due to Springs | M4: Min. | N4: =J25*0.7375621493 -> 79.155588 | O4: Min. | P4: =J26*0.7375621493 -> 85.751887
C5: Roll Gradient from Springs (Designed) | D5: =(totalSprungWeight_N * (cg_m - AVERAGE(rc_front_m, rc_rear_m)))/(F3+F4) -> 0.76278868 | E5: deg/g | M5: Max. | N5: =H25*0.7375621493 -> 137.19787 | O5: Max. | P5: =H26*0.7375621493 -> 148.63103
C6: Roll Gradient from Springs (On-Car) | D6: =(totalSprungWeight_N * (cg_m - AVERAGE(rc_front_m, rc_rear_m)))/(((trackwidth_front_m^2 * TAN(PI()/180) * ('Parameters and Rates'!M9/(MR_front^2)))/2)+((trackwidth_rear_m^2 * TAN(PI()/180) * ('Parameters and Rates'!M10/(MR_rear^2)))/2)) -> 0.76278868 | E6: deg/g | H6: Note: Reference this cell when changing springs | M6: Front ARB Rate (ft-lbs/deg twist) | O6: Rear ARB Rate (ft-lbs/deg twist)
B7: Tires Anti-Roll Torque | C7: Anti-Roll Torque from Front Tires | D7: =F7*0.7375621493 -> 1046.1751 | E7: ft-lbs/deg | F7: =(trackwidth_front_m^2 * TAN(PI()/180) * tireRate_SI)/2 -> 1418.423 | G7: Nm/deg | H7: Note: aka Front Roll Rate due to Tires | M7: Min. | N7: =J27*0.7375621493 -> 1.028706 | O7: Min. | P7: =J28*0.7375621493 -> 1.9511061
C8: Anti-Roll Torque from Rear Tires | D8: =F8*0.7375621493 -> 1046.1751 | E8: ft-lbs/deg | F8: =(trackwidth_rear_m^2 * TAN(PI()/180) * tireRate_SI)/2 -> 1418.423 | G8: Nm/deg | H8: Note: aka Rear Roll Rate due to Tires | M8: Max. | N8: =H27*0.7375621493 -> 1.7830236 | O8: Max. | P8: =H28*0.7375621493 -> 3.3817904
B9: Total Roll Rate | C9: Total Spring + Tire Roll Rate | D9: =((D3+D4)*(D7+D8))/(D3+D4+D7+D8) -> 278.4711 | E9: ft-lbs/deg | F9: =((F3+F4)*(F7+F8))/(F3+F4+F7+F8) -> 377.55611 | G9: Nm/deg
B10: ARB Anti-Roll Torque | C10: Min Anti-Roll Torque from Front ARB | D10: =F10*0.7375621493 -> 0 | E10: ft-lbs/deg | G10: Nm/deg | H10: Note: aka Min Front Roll Rate due to Front ARB | M10: SU26 ARB FORCES & DISPLACEMENTS
C11: Max Anti-Roll Torque from Front ARB | D11: =F11*0.7375621493 -> 0 | E11: ft-lbs/deg | G11: Nm/deg | H11: Note: aka Max Front Roll Rate due to Front ARB | M11: Front ARB Force (lbf) | O11: Rear ARB Force (lbf)
C12: Min Anti-Roll Torque from Rear ARB | D12: =F12*0.7375621493 -> 0 | E12: ft-lbs/deg | G12: Nm/deg | H12: Note: aka Min Front Roll Rate due to Rear ARB | M12: Min. (Soft) | N12: ='ARB Design'!H4 -> 61.866075 | O12: Min. (Soft) | P12: ='ARB Design'!J4 -> 83.833064
C13: Max Anti-Roll Torque from Rear ARB | D13: =F13*0.7375621493 -> 0 | E13: ft-lbs/deg | G13: Nm/deg | H13: Note: aka Max Front Roll Rate due to Rear ARB | M13: Max. (Stiff) | N13: ='ARB Design'!H5 -> 84.252543 | O13: Max. (Stiff) | P13: ='ARB Design'!J5 -> 114.16837
B14: TOTAL Anti-Roll Torque | C14: Lowest Front Anti-Roll Torque | D14: =F14*0.7375621493 -> 0 | E14: ft-lbs/deg | G14: Nm/deg | H14: Note: aka Min Total Front Roll Rate | M14: Front ARB Disp. (1x Blade) (in) | O14: Rear ARB Disp. (1x Blade) (in)
C15: Highest Front Anti-Roll Torque | D15: =F15*0.7375621493 -> 0 | E15: ft-lbs/deg | G15: Nm/deg | H15: Note: aka Max Total Front Roll Rate | M15: Min. (Stiff) | N15: ='ARB Design'!H7 -> 0.19471368 | O15: Min. (Stiff) | P15: ='ARB Design'!J7 -> 0.14339435
C16: Lowest Rear Anti-Roll Torque | D16: =F16*0.7375621493 -> 0 | E16: ft-lbs/deg | G16: Nm/deg | H16: Note: aka Min Total Rear Roll Rate | M16: Max. (Soft) | N16: ='ARB Design'!H8 -> 0.065076205 | O16: Max. (Soft) | P16: ='ARB Design'!J8 -> 0.047618279
C17: Highest Rear Anti-Roll Torque | D17: =F17*0.7375621493 -> 0 | E17: ft-lbs/deg | G17: Nm/deg | H17: Note: aka Max Total Rear Roll Rate
M18: Note: "ft-lbs / deg roll" represents torque to be applied to ARB when chassis rolls by 1 deg
B19: ARB STIFFNESS | M19: Note: "ft-lbs / deg twist" represents torque to be applied to ARB when bar twists by 1 deg
B20: Roll Gradients + Roll Rates | C20: Desired Total Roll Gradient | D20: deg/g | E20: 0.2 | F20: 0.3 | G20: 0.4 | H20: 0.55 | I20: 0.6 | J20: 0.7 | K20: 0.8 | M20: Note: "1x Blade" indicates that the displacement applies only to one blade
C21: Desired Roll Rate | D21: Nm/deg roll | E21: =(totalWeight_N*(cg_m - AVERAGE(rc_front_m, rc_rear_m))) / 'Roll Rates'!E20 -> 2103.9922 | F21: =(totalWeight_N*(cg_m - AVERAGE(rc_front_m, rc_rear_m))) / 'Roll Rates'!F20 -> 1402.6615 | G21: =(totalWeight_N*(cg_m - AVERAGE(rc_front_m, rc_rear_m))) / 'Roll Rates'!G20 -> 1051.9961 | H21: =(totalWeight_N*(cg_m - AVERAGE(rc_front_m, rc_rear_m))) / 'Roll Rates'!H20 -> 765.08807 | I21: =(totalWeight_N*(cg_m - AVERAGE(rc_front_m, rc_rear_m))) / 'Roll Rates'!I20 -> 701.33073 | J21: =(totalWeight_N*(cg_m - AVERAGE(rc_front_m, rc_rear_m))) / 'Roll Rates'!J20 -> 601.14063 | K21: =(totalWeight_N*(cg_m - AVERAGE(rc_front_m, rc_rear_m))) / 'Roll Rates'!K20 -> 525.99805
C22: Desired Roll Rate (imp.) | D22: ft-lbs/deg | E22: =E21*0.7375621493 -> 1551.825 | F22: =F21*0.7375621493 -> 1034.55 | G22: =G21*0.7375621493 -> 775.9125 | H22: =H21*0.7375621493 -> 564.3 | I22: =I21*0.7375621493 -> 517.275 | J22: =J21*0.7375621493 -> 443.37857 | K22: =K21*0.7375621493 -> 387.95625
C23: Total Required ARB Roll Rate | D23: Nm/deg roll | E23: =E21-$F$9 -> 1726.4361 | F23: =F21-$F$9 -> 1025.1053 | G23: =G21-$F$9 -> 674.43998 | H23: =H21-$F$9 -> 387.53196 | I23: =I21-$F$9 -> 323.77462 | J23: =J21-$F$9 -> 223.58452 | K23: =K21-$F$9 -> 148.44194
B24: Magic Number | C24: Estimated 1st Magic Number | D24: % | E24: 48
B25: ARB Rates | C25: Front ARB Rate | D25: Nm/deg roll | E25: =E23 * ($E$24/100) -> 828.68932 | F25: =F23 * ($E$24/100) -> 492.05057 | G25: =G23 * ($E$24/100) -> 323.73119 | H25: =H23 * ($E$24/100) -> 186.01534 | I25: =I23 * ($E$24/100) -> 155.41182 | J25: =J23 * ($E$24/100) -> 107.32057 | K25: =K23 * ($E$24/100) -> 71.25213
C26: Rear ARB Rate | D26: Nm/deg roll | E26: =E23 * (1-($E$24/100)) -> 897.74676 | F26: =F23 * (1-($E$24/100)) -> 533.05478 | G26: =G23 * (1-($E$24/100)) -> 350.70879 | H26: =H23 * (1-($E$24/100)) -> 201.51662 | I26: =I23 * (1-($E$24/100)) -> 168.3628 | J26: =J23 * (1-($E$24/100)) -> 116.26395 | K26: =K23 * (1-($E$24/100)) -> 77.189807
C27: Front ARB Rate | D27: Nm/deg twist | E27: =E25 * MR_ARB_front^2 -> 10.769646 | F27: =F25 * MR_ARB_front^2 -> 6.3946892 | G27: =G25 * MR_ARB_front^2 -> 4.2072106 | H27: =H25 * MR_ARB_front^2 -> 2.4174554 | I27: =I25 * MR_ARB_front^2 -> 2.019732 | J27: =J25 * MR_ARB_front^2 -> 1.3947381 | K27: =K25 * MR_ARB_front^2 -> 0.92599268
C28: Rear ARB Rate | D28: Nm/deg twist | E28: =E25 * MR_ARB_rear^2 -> 20.426363 | F28: =F25 * MR_ARB_rear^2 -> 12.128554 | G28: =G25 * MR_ARB_rear^2 -> 7.9796502 | H28: =H25 * MR_ARB_rear^2 -> 4.5850921 | I28: =I25 * MR_ARB_rear^2 -> 3.8307459 | J28: =J25 * MR_ARB_rear^2 -> 2.6453447 | K28: =K25 * MR_ARB_rear^2 -> 1.7562937
E29: STIFFEST | K29: SOFTEST
B31: LATERAL LOAD TRANSFER DISTRIBUTION (LLTD)
B32: Roll Gradient | C32: Setup (Roll Gradient) | D32: LLTD | E32: LLTD Bounds
B33: ="[" & G20 & ", " & I20 & "]" -> [0.4, 0.6] | C33: Min-Front x Max-Rear | D33: =(F3 + (I23*(E24/100))) / (F3 + (I23*(E24/100)) + F4 + (G23*((100-E24)/100))) * 100 -> 37.275145 | E33: ="[" & ROUND(D33,0) & ", " & ROUND(D34,0) & "]" -> [37, 56]
C34: Max-Front x Min-Rear | D34: =(F3 + (G23*(E24/100))) / (F3 + (G23*(E24/100)) + F4 + (I23*((100-E24)/100))) * 100 -> 55.984212
B35: ="[" & H20 & ", " & J20 & "]" -> [0.55, 0.7] | C35: Min-Front x Max-Rear | D35: =(F3 + (J23*(E24/100))) / (F3 + (J23*(E24/100)) + F4 + (H23*((100-E24)/100))) * 100 -> 40.693726 | E35: ="[" & ROUND(D35,0) & ", " & ROUND(D36,0) & "]" -> [41, 52]
C36: Max-Front x Min-Rear | D36: =(F3 + (H23*(E24/100))) / (F3 + (H23*(E24/100)) + F4 + (J23*((100-E24)/100))) * 100 -> 51.721588
B37: ="[" & I20 & ", " & K20 & "]" -> [0.6, 0.8] | C37: Min-Front x Max-Rear | D37: =(F3 + (K23*(E24/100))) / (F3 + (K23*(E24/100)) + F4 + (I23*((100-E24)/100))) * 100 -> 39.523688 | E37: ="[" & ROUND(D37,0) & ", " & ROUND(D38,0) & "]" -> [40, 53]
C38: Max-Front x Min-Rear | D38: =(F3 + (I23*(E24/100))) / (F3 + (I23*(E24/100)) + F4 + (K23*((100-E24)/100))) * 100 -> 52.535044

Sheet ARB Design
B2: ARB PARAMETERS | G2: SU26 ARB FORCES & DISPLACEMENTS
B3: Front Parameters | C3: L_frontTube | D3: =CONVERT(16.726, "in", E3) -> 0.4248404 | E3: m | G3: Front ARB Force (lbf) | I3: Rear ARB Force (lbf)
C4: OD_frontTube | D4: =CONVERT(0.5, "in", E4) -> 0.0127 | E4: m | G4: Min. (Soft) | H4: =CONVERT(D29, E29, "lbf") -> 61.866075 | I4: Min. (Soft) | J4: =CONVERT(D41, E41, "lbf") -> 83.833064
C5: ID_frontTube | D5: =D4-(CONVERT(0.028, "in", E5)*2) -> 0.0112776 | E5: m | G5: Max. (Stiff) | H5: =CONVERT(D23, E23, "lbf") -> 84.252543 | I5: Max. (Stiff) | J5: =CONVERT(D35, E35, "lbf") -> 114.16837
C6: L_frontBlade | D6: =CONVERT(2.818, "in", E6) -> 0.0715772 | E6: m | G6: Front ARB Disp. (1x Blade) (in) | I6: Rear ARB Disp. (1x Blade) (in)
C7: J_frontTube | D7: =(PI() / 32) * (D4^4 - D5^4) -> 9.6590501e-10 | E7: m^4 | G7: Max. (Soft) | H7: =CONVERT(D28, E28, "in") / 2 -> 0.19471368 | I7: Max. (Soft) | J7: =CONVERT(D40, E40, "in") / 2 -> 0.14339435
B8: Rear Parameters | C8: L_rearTube | D8: =CONVERT(17.868, "in", E8) -> 0.4538472 | E8: m | G8: Min. (Stiff) | H8: =CONVERT(D22, E22, "in") / 2 -> 0.065076205 | I8: Min. (Stiff) | J8: =CONVERT(D34, E34, "in") / 2 -> 0.047618279
C9: OD_rearTube | D9: =CONVERT(0.625, "in", E9) -> 0.015875 | E9: m
C10: ID_rearTube | D10: =D9-(CONVERT(0.028, "in", E10)*2) -> 0.0144526 | E10: m | G10: SU26 ARB BLADE DISPLACEMENTS (REALITY)
C11: L_rearBlade | D11: =CONVERT(2.864, "in", E11) -> 0.0727456 | E11: m | G11: Front ARB Disp. (1x Blade) (in) | I11: Rear ARB Disp. (1x Blade) (in)
C12: J_rearTube | D12: =(PI() / 32) * (D9^4 - D10^4) -> 1.9519112e-09 | E12: m^4 | G12: Max. (Soft) | H12: =CONVERT(I26, J26, "in") / 2 -> 0.16394234 | I12: Max. (Soft) | J12: =CONVERT(I31, J31, "in") / 2 -> 0.12073321
B13: General Parameters | C13: G_steel4130 | D13: 80000000000 | E13: Pa | G13: Min. (Stiff) | H13: =CONVERT(L26, M26, "in") / 2 -> 0.059175396 | I13: Min. (Stiff) | J13: =CONVERT(L31, M31, "in") / 2 -> 0.043300474
C14: θ_roll,min | D14: =rollGrad_min * a_y -> 1.265 | E14: deg
C15: θ_roll,max | D15: =rollGrad_max * a_y -> 1.61 | E15: deg
B17: ARB BLADE DISPLACEMENTS | G17: ARB BLADE DISPLACEMENTS (REALITY) | O17: MARGINS OF SAFETY
B18: Front (Min Disp.) (Stiffest) | C18: ARB Twist Angle | D18: =D14/MR_ARB_front -> 11.096491 | E18: deg | G18: Setting | H18: Softest | K18: Stiffest | P18: Front | S18: Rear
C19: Torque on ARB | D19: =D18*'Roll Rates'!H27 -> 26.825272 | E19: Nm | G19: General Parameters | H19: Kroll_total | I19: =I37 -> 563.66239 | J19: Nm/deg | K19: Kroll_total | L19: =L37 -> 664.24781 | M19: Nm/deg | O19: Torsion Bar | P19: σ | Q19: =($D$19*($D$4/2))/$D$7 -> 1.7635324e+08 | R19: Pa | S19: σ | T19: =($D$31*($D$9/2))/$D$12 -> 1.5023206e+08 | U19: Pa
C20: Torsion Bar Twist Angle | D20: =(D19*D3)/(D13*D7) * (180/PI()) -> 8.450223 | E20: deg | H20: rollGradient_total | I20: =(totalSprungWeight_N*(cg_m - AVERAGE((rc_front_m,rc_rear_m)))/I19) -> 0.58937637 | J20: deg/G | K20: rollGradient_total | L20: =(totalSprungWeight_N*(cg_m - AVERAGE((rc_front_m,rc_rear_m)))/L19) -> 0.50012855 | M20: deg/G | P20: σ_yield | Q20: =435*10^6 -> 435000000 | R20: Pa | S20: σ_yield | T20: =435*10^6 -> 435000000 | U20: Pa
C21: Blade Rotation Angle | D21: =D18-D20 -> 2.6462682 | E21: deg | H21: chassisRoll | I21: =I20 * a_y -> 1.3555657 | J21: deg | K21: chassisRoll | L21: =L20 * a_y -> 1.1502957 | M21: deg | P21: σ_ultimate | Q21: =670000000 -> 670000000 | R21: Pa | S21: σ_ultimate | T21: =670000000 -> 670000000 | U21: Pa
C22: Blade Disp. (Total) | D22: =D6 * (D21*(PI()/180)) -> 0.0033058712 | E22: m | G22: Front | H22: ARB Twist Angle | I22: =I21/MR_ARB_front -> 11.890927 | J22: deg | K22: ARB Twist Angle | L22: =L21/MR_ARB_front -> 10.090313 | M22: deg | P22: SF_yield | Q22: 1.1 | R22: - | S22: SF_yield | T22: 1.1 | U22: -
C23: Drop Link Load | D23: =D19/D6 -> 374.77398 | E23: N | H23: Torque on ARB | I23: ='Roll Rates'!J27 * I22 -> 16.584729 | J23: Nm | K23: Torque on ARB | L23: ='Roll Rates'!H27 * L22 -> 24.392881 | M23: Nm | P23: SF_ultimate | Q23: 1.25 | R23: - | S23: SF_ultimate | T23: 1.25 | U23: -
B24: Front (Max Disp.) (Softest) | C24: ARB Twist Angle | D24: =D15/MR_ARB_front -> 14.122807 | E24: deg | H24: Torsion Bar Twist | I24: =(I23*D3)/(D13*D7) * (180/PI()) -> 5.2243517 | J24: deg | K24: Torsion Bar Twist | L24: =(L23*D3)/(D13*D7) * (180/PI()) -> 7.683996 | M24: deg | P24: MOS_yield | Q24: =$Q$20/($Q$19*$Q$22)-1 -> 1.2424002 | R24: - | S24: MOS_yield | T24: =$T$20/($T$19*$T$22)-1 -> 1.6322913 | U24: -
C25: Torque on ARB | D25: ='Roll Rates'!J27*D24 -> 19.697617 | E25: Nm | H25: Blade Rotation | I25: =I22-I24 -> 6.6665752 | J25: deg | K25: Blade Rotation | L25: =L22-L24 -> 2.4063168 | M25: deg | P25: MOS_ultimate | Q25: =$Q$21/($Q$19*$Q$23)-1 -> 2.0393544 | R25: - | S25: MOS_ultimate | T25: =$T$21/($T$19*$T$23)-1 -> 2.5678136 | U25: -
C26: Torsion Bar Twist Angle | D26: =(D25*D3)/(D13*D7) * (180/PI()) -> 6.2049419 | E26: deg | H26: Blade Disp. (Total) | I26: =D6 * (I25*(PI()/180)) -> 0.0083282711 | J26: m | K26: Blade Disp. (Total) | L26: =D6 * (L25*(PI()/180)) -> 0.0030061101 | M26: m | P26: VALID? | Q26: Designed | R26: Reality | S26: VALID? | T26: Designed | U26: Reality
C27: Blade Rotation Angle | D27: =D24-D26 -> 7.9178651 | E27: deg | G27: Rear | H27: ARB Twist Angle | I27: =I21/MR_ARB_rear -> 8.6341762 | J27: deg | K27: ARB Twist Angle | L27: =L21/MR_ARB_rear -> 7.3267239 | M27: deg | O27: Blade | P27: σ | Q27: =131580 * 6894.75 -> 907211205 | R27: Pa | S27: σ | T27: =125290 * 6894.75 -> 8.6384323e+08 | U27: Pa
C28: Blade Disp. (Total) | D28: =D6 * (D27*(PI()/180)) -> 0.0098914548 | E28: m | H28: Torque on ARB | I28: ='Roll Rates'!J28 * I27 -> 22.840372 | J28: Nm | K28: Torque on ARB | L28: ='Roll Rates'!H28 * L27 -> 33.593704 | M28: Nm | P28: σ_endurance | Q28: =1000*10^6 -> 1000000000 | R28: Pa | S28: σ_endurance | T28: =1000*10^6 -> 1000000000 | U28: Pa
C29: Drop Link Load | D29: =D25/D6 -> 275.19401 | E29: N | H29: Torsion Bar Twist | I29: =(I28*D8)/(D13*D12) * (180/PI()) -> 3.8035176 | J29: deg | K29: Torsion Bar Twist | L29: =(L28*D8)/(D13*D12) * (180/PI()) -> 5.5942278 | M29: deg | P29: SF | Q29: 1.1 | R29: - | S29: SF | T29: 1.1 | U29: -
B30: Rear (Min Disp.) (Stiffest) | C30: ARB Twist Angle | D30: =D14/MR_ARB_rear -> 8.0573248 | E30: deg | H30: Blade Rotation | I30: =I27-I29 -> 4.8306586 | J30: deg | K30: Blade Rotation | L30: =L27-L29 -> 1.7324961 | M30: deg | P30: MOS | Q30: =$Q$28/($Q$27*$Q$29)-1 -> 0.0020719586 | R30: - | S30: MOS | T30: =$T$28/($T$27*$T$29)-1 -> 0.052379506 | U30: -
C31: Torque on ARB | D31: ='Roll Rates'!H28*D30 -> 36.943577 | E31: Nm | H31: Blade Disp. (Total) | I31: =D11 * (I30*(PI()/180)) -> 0.0061332468 | J31: m | K31: Blade Disp. (Total) | L31: =D11 * (L30*(PI()/180)) -> 0.0021996641 | M31: m | P31: VALID? | Q31: Designed | R31: Reality | S31: VALID? | T31: Designed | U31: Reality
C32: Torsion Bar Twist Angle | D32: =(D31*D8)/(D13*D12) * (180/PI()) -> 6.152069 | E32: deg | O32: Notes | P32: • For fatigue life of material, search MMPDS for S-N curve, and determine # of cycles
C33: Blade Rotation Angle | D33: =D30-D32 -> 1.9052559 | E33: deg | H33: K_roll,frontSprings | I33: =(trackwidth_front_m^2 * TAN(PI()/180) * ('Parameters and Rates'!M9/MR_front^2))/2 -> 195.58587 | K33: K_roll,frontSprings | L33: =(trackwidth_front_m^2 * TAN(PI()/180) * ('Parameters and Rates'!M9/MR_front^2))/2 -> 195.58587
C34: Blade Disp. (Total) | D34: =D11 * (D33*(PI()/180)) -> 0.0024190086 | E34: m | H34: K_roll,rearSprings | I34: =(trackwidth_rear_m^2 * TAN(PI()/180) * ('Parameters and Rates'!M10/MR_rear^2))/2 -> 239.93356 | K34: K_roll,rearSprings | L34: =(trackwidth_rear_m^2 * TAN(PI()/180) * ('Parameters and Rates'!M10/MR_rear^2))/2 -> 239.93356
C35: Drop Link Load | D35: =D31/D11 -> 507.8462 | E35: N | H35: Front Axle | I35: =((I34+'Roll Rates'!J25)*'Roll Rates'!F7)/(I34+'Roll Rates'!J25+'Roll Rates'!F7) -> 278.95997 | K35: Front Axle | L35: =((I34+'Roll Rates'!H25)*'Roll Rates'!F7)/(I34+'Roll Rates'!H25+'Roll Rates'!F7) -> 327.57803
B36: Rear (Max Disp.) (Softest) | C36: ARB Twist Angle | D36: =D15/MR_ARB_rear -> 10.254777 | E36: deg | H36: Rear Axle | I36: =((I34+'Roll Rates'!J26)*'Roll Rates'!F8)/(I34+'Roll Rates'!J26+'Roll Rates'!F8) -> 284.70241 | K36: Rear Axle | L36: =((I34+'Roll Rates'!H26)*'Roll Rates'!F8)/(I34+'Roll Rates'!H26+'Roll Rates'!F8) -> 336.66978
C37: Torque on ARB | D37: ='Roll Rates'!J28*D36 -> 27.12742 | E37: Nm | H37: K_roll, TOTAL | I37: =I35+I36 -> 563.66239 | K37: K_roll, TOTAL | L37: =L35+L36 -> 664.24781
C38: Torsion Bar Twist Angle | D38: =(D37*D8)/(D13*D12) * (180/PI()) -> 4.5174229 | E38: deg
C39: Blade Rotation Angle | D39: =D36-D38 -> 5.7373542 | E39: deg | G39: IN-PROGRESS
C40: Blade Disp. (Total) | D40: =D11 * (D39*(PI()/180)) -> 0.0072844331 | E40: m
C41: Drop Link Load | D41: =D37/D11 -> 372.90805 | E41: N

Sheet Load Transfer
B2: LATERAL LOAD TRANSFER
B3: Lateral Acceleration (A_y) | C3: =a_y -> 2.3 | D3: g | E3: (m_sprung * A_y * 9.8 * h_CG)/(TrackWidth)
B4: Static Vehicle Weight per Wheel | C4: =totalSprungWeight_lbf * weightDist / 2 -> 112.5 | D4: lbf
B5: Total Lateral Load Transfer | C5: =((totalSprungWeight_N/9.8) * a_y * 9.8 * cg_m) / trackwidth_front_m * 0.2248089431 -> 232.28693 | D5: lbf
B6: Lateral Load Transfer (Front) | C6: =((totalSprungWeight_N/9.8) * a_y * 9.8 * cg_m * (LLTD/100)) / trackwidth_front_m * 0.2248089431 -> 111.49773 | D6: lbf
B7: Lateral Load Transfer (Rear) | C7: =((totalSprungWeight_N/9.8) * a_y * 9.8 * cg_m * (1 - LLTD/100)) / trackwidth_front_m * 0.2248089431 -> 120.7892 | D7: lbf
B8: Lateral Force per Wheel (Front) | C8: =(C4+C6)*C3 -> 515.19477 | D8: lbf | I8: Note: Despite ARG26 having a 50-50 weight bias (and equal front-rear track widths),
B9: Lateral Force per Wheel (Rear) | C9: =(C4+C7)*C3 -> 536.56517 | D9: lbf | I9: ="due to a " & 'Parameters and Rates'!D21 & "% nominal LLTD, lateral load transfer in front and rear are different" -> due to a 48% nominal LLTD, lateral load transfer in front and rear are different
B11: LONGITUDINAL LOAD TRANSFER
C12: Acceleration | E12: Braking | G12: (m * A_x * 9.8 * h_CG)/(Wheelbase)
B13: Longitudinal Acceleration (A_x) | C13: =a_x_accel -> 1.5 | D13: g | E13: =a_x_brake -> -1.9 | F13: g
B14: Longitudinal Load Transfer to Wheel | C14: =((totalSprungWeight_N/9.8) * (a_x_accel*9.8) * cg_m) / wheelbase_m * 0.2248089431 -> 109.27254 | D14: lbf | E14: =((totalSprungWeight_N/9.8) * (a_x_brake*9.8) * cg_m) / wheelbase_m * 0.2248089431 -> -138.41189 | F14: lbf | I14: Note: Due to ARG26's 50-50 weight bias, longitudinal load transfer between front
B15: Longitudinal Force Per Wheel | C15: =((totalWeight_lbf*weightDist)/2 + (C14/2))*(C13) -> 295.70441 | D15: lbf | E15: =((totalWeight_lbf*weightDist)/2 + (E14/2))*(-E13) -> 139.25871 | F15: lbf | I15: and rear is equal (and opposite)
B17: VERTICAL FORCE
C18: No Aero | E18: With Aero | G18: ((m * WeightBias)/2 + LLT) * A_z
B19: Vertical Acceleration (A_z) | C19: =a_bump -> 3.5 | D19: g | E19: =a_bump -> 3.5 | F19: g
B20: Weight due to Lateral Load (per wheel) | C20: =((totalWeight_lbf*weightDist)/2) + 'Load Transfer'!C5 -> 374.78693 | D20: lbf | F20: lbf
B21: Vertical Force Per Wheel | C21: =C20*C19 -> 1311.7543 | D21: lbf | F21: lbf
B23: CORNERING LOADS (LATERAL)
B24: Lateral Acceleration (A_y) | C24: =a_y -> 2.3 | D24: g | E24: ((WeightBias * (m_sprung * A_y * 9.8 * h_CG)/(TrackWidth)) + 0.25(m_total * 9.8)) * TireMu
B25: Total Weight (w/ Driver) | C25: =totalWeight_N / 9.8 -> 258.72309 | D25: kg
B26: Total Sprung Weight (w/ Driver) | C26: =totalSprungWeight_N / 9.8 -> 204.25507 | D26: kg
B27: CG Height | C27: =cg_m -> 0.250825 | D27: m
B28: Track Width | C28: =trackwidth_front_m -> 1.1176 | D28: m
B29: Weight Bias | C29: =weightDist -> 0.5 | D29: -
B30: Tire mu | C30: 1.4 | D30: - | I30: Note: This does NOT use the equation (A_y * m_car * WeightBias)
B31: TOTAL LATERAL LOAD TRANSFER | C31: =((C29*(C26*C24*9.8*C27)/C28) + (0.25*(C25*9.8))) * C30 * 0.2248089431 -> 362.10085 | D31: lbf | I31: Note: This is the maximum lateral cornering load under 2.30g of lateral acceleration

Sheet RF, K, k, MR
B2: RIDE FREQUENCY, WHEEL RATE, SPRING RATE, MOTION RATIO
B3: RF | C3: Front Ride Frequency | D3: 3 | E3: Hz
C4: Rear Ride Frequency | D4: 3.3 | E4: Hz
B5: Est. K | C5: Front Wheel Rate | D5: =F5*0.0057101471 -> 103.60063 | E5: lbf/in | F5: =4*PI()^2*D3^2*(0.25*(totalSprungWeight_N/9.8)) -> 18143.251 | G5: N/m
C6: Rear Wheel Rate | D6: =F6*0.0057101471 -> 125.35676 | E6: lbf/in | F6: =4*PI()^2*D4^2*(0.25*(totalSprungWeight_N/9.8)) -> 21953.334 | G6: N/m
B7: Target MR | C7: Front Rocker Motion Ratio | D7: 1.203 | E7: - | H7: Should be 1.289 for 200 lbs/in
C8: Rear Rocker Motion Ratio | D8: 1.182 | E8: - | H8: Should be 1.263 for 200 lbs/in
B9: k | C9: Front Spring Rate | D9: =ROUND((D5*(D7^2)),0) -> 150 | E9: lbf/in | F9: =F5*D7^2 -> 26257.076 | G9: N/m
C10: Rear Spring Rate | D10: =ROUND((D6*(D8^2)),0) -> 175 | E10: lbf/in | F10: =F6*D8^2 -> 30671.529 | G10: N/m
C11: Available Hyperco Spring Rates: 150, 175, 200, 225, 250, 300, 350, 400, 450 lbs/in
B13: Note: This sheet yields the Spring Rates needed to achieve the Ride Frequencies by allowing Motion Ratio tuning
B14: 1. Choose target Ride Frequencies (RF) and enter in cells D3, D4
B15: 2. Calculate Wheel Rates (K) based on Ride Frequencies (estimated values)
B16: 3. Set arbitrary Motion Ratios (MR)
B17: 4. Calculate Spring Rates (k)
B18: 5. Adjust Motion Ratios such that highlighted Spring Rates match available Spring Rates (utilize quasi-Dynamic CAD)
B19: 6. Place spring rates and MRs into `Parameters and Rates` sheet, and calculate Wheel Rate and Ride Frequency

Sheet Pitch
B2: PITCH CENTER (GROUND)
B3: x (PC_x) | C3: -136.345 | D3: in | E3: =CONVERT(C3,D3,F3) -> -3.463163 | F3: m
B4: y (PC_y) | C4: 22 | D4: in | E4: =CONVERT(C4,D4,F4) -> 0.5588 | F4: m
B5: z (PC_z) | C5: 3.705 | D5: in | E5: =CONVERT(C5,D5,F5) -> 0.094107 | F5: m
B7: PITCH GRADIENT (SRM)
B8: Longitudinal Acceleration (A_x) | C8: ='Parameters and Rates'!M25 -> -1.9 | D8: g | E8: K_θ,pitch = M_pitch / K_pitch
B9: Longitudinal Load Transfer | C9: =-'Load Transfer'!E14 * 4.44822 -> 615.68652 | D9: N
B10: Pitch Moment | C10: =C9*'Parameters and Rates'!F3 -> 953.94469 | D10: Nm
B11: Pitch Stiffness | C11: ='Parameters and Rates'!K5*(0.4991354-ABS(E3)) + 'Parameters and Rates'!M6*(2.0485354-ABS(E3)) -> -31440.104 | D11: N/m
B12: Pitch Gradient | C12: =C10/C11 -> -0.030341652 | D12: deg/g
B14: PITCH GRADIENT (Compression / Decompression)
C15: Dive (Brake) | E15: Squat (Accel)
B16: Longitudinal Acceleration (A_x) | C16: ='Parameters and Rates'!M25 -> -1.9 | D16: g | E16: ='Parameters and Rates'!M24 -> 1.5 | F16: g
B17: Longitudinal Load Transfer | C17: ='Load Transfer'!E14 -> -138.41189 | D17: lbf | E17: ='Load Transfer'!C14 -> 109.27254 | F17: lbf
B18: Max Front Compression | C18: =(-C17/2)/'Parameters and Rates'!K5 * (100-'Parameters and Rates'!D26)/100 -> 0.5066221 | D18: in | E18: =(-E17/2)/'Parameters and Rates'!K5 * (100-'Parameters and Rates'!D27)/100 -> -0.45329346 | F18: in
B19: Max Rear Decompression | C19: =(-C17/2)/'Parameters and Rates'!K6 -> 0.55064203 | D19: in | E19: =(-E17/2)/'Parameters and Rates'!K6 -> -0.43471739 | F19: in
B20: Dive/Squat Angle | C20: =ATAN((C18+C19)/'Parameters and Rates'!D3) * (180/PI()) -> 0.99296242 | D20: deg | E20: =ATAN((E18+E19)/'Parameters and Rates'!D3) * (180/PI()) -> -0.83402754 | F20: deg
B21: Pitch Gradient | C21: =C20/C16 -> -0.5226118 | D21: deg/g | E21: =E20/E16 -> -0.55601836 | F21: deg/g
B23: PITCH GRADIENT (OptimumG)
B24: Pitch Stiffness | C24: =(((E3^2) * (2 * ('Parameters and Rates'!M5 / ('Parameters and Rates'!D17^2)))) + ((('Parameters and Rates'!F3 - ABS(Pitch!E3))^2) * (2 * ('Parameters and Rates'!M6 / ('Parameters and Rates'!D18^2))))) * (PI()/180) -> 7151.3603 | D24: Nm/deg | E24: Note: Page 775, OptimumG VD Binder
B25: Pitch Gradient | C25: =(('Parameters and Rates'!F14 / 9.8) * 9.8 * ('Parameters and Rates'!F8 - Pitch!E5)) / C24 -> 0.043866113 | D25: deg/g

Sheet Aero Clearance
B2: AERO CLEARANCE
B3: Roll | C3: Max Permissable Roll Angle | D3: =ASIN('Parameters and Rates'!D6/(0.5*'Parameters and Rates'!D4+0.5*10)) * (180/PI()) -> 3.1847385 | E3: deg | G3: Note: This is a max permissable roll angle assuming undertray is at ride height and extends entire trackwidth
C4: Max Permissable Roll Gradient | D4: =D3/'Parameters and Rates'!K23 -> 1.3846689 | E4: deg | G4: Note: This assumes a max lateral acceleration of 2.3g
C5: Distance from X-Axis to Side of Front Wing (Rules) | D5: =('Parameters and Rates'!D4/2 + 7.5/2) -> 25.75 | E5: in | G5: Note: This is the max y-distance the front wing can extend, dictated by rules
C6: Distance from X-Axis to Side of Undertray (Rules) | D6: =('Parameters and Rates'!D4/2 + 7.5/2) -> 25.75 | E6: in | G6: Note: This is the max y-distance the undertray can extend, dictated by rules
C7: Z Travel at Front Wing (Downward) | D7: =TAN(('Parameters and Rates'!K15*'Parameters and Rates'!K23) * (PI()/180)) * D5 -> 0.72376038 | E7: in
C8: Z Travel at Undertray (Downward) | D8: =TAN(('Parameters and Rates'!K15*'Parameters and Rates'!K23) * (PI()/180)) * D6 -> 0.72376038 | E8: in | G8: Note: Does not account for tire compression
B9: Brake (Dive) | C9: Vehicle Dive Angle | D9: ='Parameters and Rates'!K17 * -'Parameters and Rates'!M25 -> 0.99296242 | E9: deg
C10: Distance from Front Tire to Front Wing (Rules) | D10: =700 * 0.0393700787 -> 27.559055 | E10: in | G10: Note: This is the max x-distance the front wing can extend, dictated by rules
C11: Z Travel at Tip of Front Wing (Brake) | D11: =D10*TAN(D9* (PI()/180)) -> 0.47765902 | E11: in
B12: Brake + Roll | C12: Vehicle Dive Angle | D12: ='Parameters and Rates'!K17 * -'Parameters and Rates'!M27 -> 0.76823935 | E12: deg
C13: Z Travel at Front Wing (Downward) (Roll) | D13: =TAN(('Parameters and Rates'!K15*'Parameters and Rates'!K27) * (PI()/180)) * D5 -> 0.46250526 | E13: in
C14: Z Travel at Front Wing (Downward) (Brake) | D14: =D10*TAN(D12* (PI()/180)) -> 0.36954239 | E14: in
C15: Z Travel at Tip of Front Wing (Brake + Roll) | D15: =D13+D14 -> 0.83204765 | E15: in

Sheet Weight
B2: WEIGHT BREAKDOWN (kg)
B3: Component | C3: ARG26 Weight | D3: ARG25 Weight | E3: Target Weight for ARG26 | F3: Delta b/w ARG25 and ARG26 | G3: Delta b/w ARG26 and Target
B4: Inboard + Shock Clevises | C4: 1.1 | D4: 1.432 | E4: 1.35 | F4: =C4-D4 -> -0.332 | G4: =C4-E4 -> -0.25
B5: FR Links | C5: 0.824 | D5: 0.96 | E5: 0.9 | F5: =C5-D5 -> -0.136 | G5: =C5-E5 -> -0.076
B6: FL Links | C6: 0.824 | D6: 0.96 | E6: 0.9 | F6: =C6-D6 -> -0.136 | G6: =C6-E6 -> -0.076
B7: RR Links | C7: 0.61 | D7: 0.68 | E7: 0.6 | F7: =C7-D7 -> -0.07 | G7: =C7-E7 -> 0.01
B8: RL Links | C8: 0.61 | D8: 0.68 | E8: 0.6 | F8: =C8-D8 -> -0.07 | G8: =C8-E8 -> 0.01
B9: FR Springs and Shocks | C9: 0.63 | D9: 0.716 | E9: 0.716 | F9: =C9-D9 -> -0.086 | G9: =C9-E9 -> -0.086
B10: FL Springs and Shocks | C10: 0.63 | D10: 0.716 | E10: 0.716 | F10: =C10-D10 -> -0.086 | G10: =C10-E10 -> -0.086
B11: RR Springs and Shocks | C11: 0.63 | D11: 0.716 | E11: 0.716 | F11: =C11-D11 -> -0.086 | G11: =C11-E11 -> -0.086
B12: RL Springs and Shocks | C12: 0.63 | D12: 0.716 | E12: 0.716 | F12: =C12-D12 -> -0.086 | G12: =C12-E12 -> -0.086
B13: Front Anti-Roll | C13: 0.55 | D13: 0.198 | E13: 0.3 | F13: =C13-D13 -> 0.352 | G13: =C13-E13 -> 0.25
B14: Rear Anti-Roll | C14: 0.55 | D14: 0.203 | E14: 0.3 | F14: =C14-D14 -> 0.347 | G14: =C14-E14 -> 0.25
B15: FR Rocker and Clevis | C15: 0.223 | D15: 0.239 | E15: 0.2 | F15: =C15-D15 -> -0.016 | G15: =C15-E15 -> 0.023
... B18: RL Rocker and Clevis | C18: 0.216 | D18: 0.229 | E18: 0.2 | F18: =C18-D18 -> -0.013 | G18: =C18-E18 -> 0.016
B19: TOTAL | C19: =SUM(C4:C18) -> 8.466 | D19: =SUM(D4:D18) -> 8.913 | E19: =SUM(E4:E18) -> 8.614 | F19: =C19-D19 -> -0.447 | G19: =C19-E19 -> -0.148
F20: =-ABS(F19/D19) -> -0.050151464 | G20: =-ABS(G19/E19) -> -0.017181333

Sheet Understeer
B2: UNDERSTEER GRADIENT | H2: Note: These calculations are based on a bicycle model
B3: Vehicle Mass | C3: m | D3: ='Parameters and Rates'!F11 / 9.8 -> 190.63807 | E3: kg | F3: K_u = (W_f / C_f) – (W_r / C_r)
B4: Wheelbase | C4: WB | D4: ='Parameters and Rates'!F3 -> 1.5494 | E4: m
B5: CG to FrontAxle Distance | C5: x_f | D5: =D4 / 2 -> 0.7747 | E5: m
B6: CG to RearAxle Distance | C6: x_r | D6: =D4 / 2 -> 0.7747 | E6: m
B7: Front Axle Load | C7: W_f | D7: =(D3*9.8) * (D5/D4) -> 934.12654 | E7: N
B8: Rear Axle Load | C8: W_r | D8: =(D3*9.8) * (D6/D4) -> 934.12654 | E8: N
B9: Front Cornering Stiffness (min) | C9: C_f,min | D9: =2 * Tires!C16 -> 686.10466 | E9: N/deg
B10: Front Cornering Stiffness (max) | C10: C_f,max | D10: =2 * Tires!F16 -> 939.48938 | E10: N/deg
B11: Rear Cornering Stiffness (min) | C11: C_r,min | D11: =2 * Tires!C16 -> 686.10466 | E11: N/deg
B12: Rear Cornering Stiffness (max) | C12: C_r,max | D12: =2 * Tires!F16 -> 939.48938 | E12: N/deg
B13: Understeer Gradient (min) | C13: =D7/D10 - D8/D11 -> -0.36720103 | E13: deg/g
B14: Understeer Gradient (max) | C14: =D7/D9 - D8/D12 -> 0.36720103 | E14: deg/g
B16: CRITICAL SPEED
B17: Critical Speed | C17: =SQRT(9.8 * D4) / C14 -> 10.611846 | E17: m/s

Sheet Tires
B2: TIRES
B3: Hoosier R20 FSAE – 16.0X7.5-10 | E3: Diameter | F3: 16 | G3: in
E4: Width | F4: 7.5 | G4: in
E5: Rim Diameter | F5: 10 | G5: in
B7: CORNERING STIFFNESS
B8: Lower Bound Fz | C8: ='Parameters and Rates'!D13 / 4 -> 142.5 | D8: lbf | E8: =C8*0.2248 -> 32.034 | F8: N | G8: Note: From OptTire
B9: Load Transfer | C9: ='Parameters and Rates'!D13 * 2.3 * 'Parameters and Rates'!F8 / 'Parameters and Rates'!F4 -> 294.23011 | D9: N | E9: =C9*0.2248 -> 66.14293 | F9: lbf
B10: Upper Bound Fz | C10: =C8+E9 -> 208.64293 | D10: lbf | E10: =C10*0.2248 -> 46.902931 | F10: N
B11: Lower Bound Stiffness | E11: Upper Bound Stiffness
B12: SA (rad) | C12: SA (deg) | D12: Fy | E12: SA (rad) | F12: SA (deg) | G12: Fy
B13: -0.0108 | C13: =B13*(180/PI()) -> -0.61879442 | D13: 3.2891 | E13: -0.0379 | F13: =E13*(180/PI()) -> -2.17151 | G13: -133.3994
B14: 0.0229 | C14: =B14*(180/PI()) -> 1.3120734 | D14: 152.2 | E14: 0.0115 | F14: =E14*(180/PI()) -> 0.65890146 | G14: 165.5
B15: Stiffness (lbf/deg) | C15: =(D13-D14)/(B13-B14) -> 4418.7211 | E15: Stiffness (lbf/deg) | F15: =(G13-G14)/(E13-E14) -> 6050.5951
B16: Stiffness (N/deg) | C16: =C15 * 4.4482216153 / (180/PI()) -> 343.05233 | E16: Stiffness (N/deg) | F16: =F15 * 4.4482216153 / (180/PI()) -> 469.74469

Sheet Z - Damping
B2: MASS | H2: INERTIAS
B3: Total Vehicle Mass | D3: lbm | E3: =CONVERT(C3,D3,F3) -> 0 | F3: kg | H3: I_yaw = 1.03W-1206 | J3: Sprung Yaw Inertia (kg *m/s^2) | L3: Inertia Box Z (m)
B4: Front Corner Mass | D4: lbm | F4: kg | H4: I_roll = 0.18W-150 | J4: Sprung Roll Inertia (kg *m/s^2) | L4: Inertia Box X (m)
B5: Rear Corner Mass | D5: lbm | F5: kg | H5: I_pitch = 0.99W-1149 | J5: Sprung Pitch Inertia (kg *m/s^2) | L5: Inertia Box Y (m)
B6: Suspended Mass | C6: x | D6: x | F6: kg
B7: Unsprung Mass | C7: x | D7: x | F7: kg
B9: FRONT DAMPING | H9: REAR DAMPING
B10: Motion Ratio | D10: Motion Ratio | H10: Motion Ratio | J10: Motion Ratio
B11: Spring Rate (kg/mm) | D11: Spring Rate (N/m) | H11: Spring Rate (kg/mm) | J11: Spring Rate (N/m)
B12: Bump (lbf/in/s) | D12: Bump (N/m/s) | H12: Bump (lbf/in/s) | J12: Bump (N/m/s)
B13: Rebound (lbf/in/s) | D13: Rebound (N/m/s) | H13: Rebound (lbf/in/s) | J13: Rebound (N/m/s)
B14: Fast Bump (lbf/in/s) | D14: Fast Bump (N/m/s) | H14: Fast Bump (lbf/in/s) | J14: Fast Bump (N/m/s)
B15: Fast Rebound (lbf/in/s) | D15: Fast Rebound (N/m/s) | H15: Fast Rebound (lbf/in/s) | J15: Fast Rebound (N/m/s)
B16: Wheel Rate (N/m) | D16: Front Ride Frequency (Hz) | H16: Wheel Rate (N/m) | J16: Front Ride Frequency (Hz)
B17: Wheel Bump (N/m/s) | D17: Bump Damping Ratio | H17: Wheel Bump (N/m/s) | J17: Bump Damping Ratio
B18: Wheel Rebound (N/m/s) | D18: Rebound Damping Ratio | H18: Wheel Rebound (N/m/s) | J18: Rebound Damping Ratio
B19: Wheel Fast Bump (N/m/s) | D19: Fast Bump Damping Ratio | H19: Wheel Fast Bump (N/m/s) | J19: Fast Bump Damping Ratio
B20: Wheel Fast Rebound (N/m/s) | D20: Fast Rebound Damping Ratio | H20: Wheel Fast Rebound (N/m/s) | J20: Fast Rebound Damping Ratio
B21: Average Damping Ratio | D21: Avgerage Damping Ratio | H21: Average Damping Ratio | J21: Avgerage Damping Ratio
... B23: Fast Rebound Transition (in/s) | D23: Fast Rebound Transition (m/s) | H23: Fast Rebound Transition (in/s) | J23: Fast Rebound Transition (m/s)
